county,crop,season,year,yield_kg_per_ha,area_planted_ha
Nakuru,Maize,Long Rains,2015,2185.8,4758.5
Nakuru,Maize,Short Rains,2015,3508.38,3033.43
Nakuru,Maize,Long Rains,2016,1377.27,864.37
Nakuru,Maize,Short Rains,2016,1014.91,4344.26
Nakuru,Maize,Long Rains,2017,3024.13,3569.56
Nakuru,Maize,Short Rains,2017,876.16,4852.56
Nakuru,Maize,Long Rains,2018,3880.04,1140.46
Nakuru,Maize,Short Rains,2018,1472.75,998.68
Nakuru,Maize,Long Rains,2019,1925.7,2671.31
Nakuru,Maize,Short Rains,2019,2398.2,1527.02
Nakuru,Maize,Long Rains,2020,3063.86,783.52
Nakuru,Maize,Short Rains,2020,1880.94,1895.17
Nakuru,Maize,Long Rains,2021,2487.46,3947.36
Nakuru,Maize,Short Rains,2021,1538.79,2619.75
Nakuru,Maize,Long Rains,2022,2991.93,327.61
Nakuru,Maize,Short Rains,2022,3047.92,935.57
Nakuru,Maize,Long Rains,2023,1040.69,4749.54
Nakuru,Maize,Short Rains,2023,4372.84,4061.15
Nakuru,Maize,Long Rains,2024,1927.07,578.59
Nakuru,Maize,Short Rains,2024,3331.66,2256.75
Nakuru,Beans,Long Rains,2015,1251.54,2526.37
Nakuru,Beans,Short Rains,2015,927.24,4555.67
Nakuru,Beans,Long Rains,2016,1757.49,3346.36
Nakuru,Beans,Short Rains,2016,1953.33,2648.33
Nakuru,Beans,Long Rains,2017,2822.83,1005.79
Nakuru,Beans,Short Rains,2017,4387.46,3898.15
Nakuru,Beans,Long Rains,2018,4276.15,4484.65
Nakuru,Beans,Short Rains,2018,3012.23,4617.18
Nakuru,Beans,Long Rains,2019,1127.42,1060.32
Nakuru,Beans,Short Rains,2019,967.34,1694.12
Nakuru,Beans,Long Rains,2020,2238.11,1429.61
Nakuru,Beans,Short Rains,2020,3866.33,1848.09
Nakuru,Beans,Long Rains,2021,1839.46,2759.21
Nakuru,Beans,Short Rains,2021,1321.42,4030.77
Nakuru,Beans,Long Rains,2022,1075.84,4935.75
Nakuru,Beans,Short Rains,2022,3657.31,1073.71
Nakuru,Beans,Long Rains,2023,820.43,4095.76
Nakuru,Beans,Short Rains,2023,3415.37,3672.14
Nakuru,Beans,Long Rains,2024,3653.7,462.82
Nakuru,Beans,Short Rains,2024,2126.32,667.76
Nakuru,Wheat,Long Rains,2015,3993.48,3154.16
Nakuru,Wheat,Short Rains,2015,2024.32,411.44
Nakuru,Wheat,Long Rains,2016,1950.63,1693.4
Nakuru,Wheat,Short Rains,2016,3499.54,3224.03
Nakuru,Wheat,Long Rains,2017,4082.69,2413.85
Nakuru,Wheat,Short Rains,2017,1242.5,3594.9
Nakuru,Wheat,Long Rains,2018,3614.9,2850.26
Nakuru,Wheat,Short Rains,2018,3652.58,2519.6
Nakuru,Wheat,Long Rains,2019,2734.11,2194.95
Nakuru,Wheat,Short Rains,2019,894.05,628.67
Nakuru,Wheat,Long Rains,2020,916.29,3218.41
Nakuru,Wheat,Short Rains,2020,1963.12,2592.0
Nakuru,Wheat,Long Rains,2021,4158.0,1321.53
Nakuru,Wheat,Short Rains,2021,2318.42,3802.2
Nakuru,Wheat,Long Rains,2022,1646.55,477.2
Nakuru,Wheat,Short Rains,2022,1872.08,889.98
Nakuru,Wheat,Long Rains,2023,4239.88,4059.79
Nakuru,Wheat,Short Rains,2023,3143.59,4370.16
Nakuru,Wheat,Long Rains,2024,3773.59,1014.19
Nakuru,Wheat,Short Rains,2024,4102.47,2742.78
Nakuru,Sorghum,Long Rains,2015,3787.53,4490.85
Nakuru,Sorghum,Short Rains,2015,1976.61,639.25
Nakuru,Sorghum,Long Rains,2016,1643.36,2192.83
Nakuru,Sorghum,Short Rains,2016,3826.65,4317.58
Nakuru,Sorghum,Long Rains,2017,825.72,2602.66
Nakuru,Sorghum,Short Rains,2017,2344.42,1188.33
Nakuru,Sorghum,Long Rains,2018,1243.5,1754.31
Nakuru,Sorghum,Short Rains,2018,4288.77,1683.69
Nakuru,Sorghum,Long Rains,2019,2719.53,3544.79
Nakuru,Sorghum,Short Rains,2019,2145.43,4861.73
Nakuru,Sorghum,Long Rains,2020,4361.05,1333.73
Nakuru,Sorghum,Short Rains,2020,2639.82,1574.3
Nakuru,Sorghum,Long Rains,2021,1853.91,280.75
Nakuru,Sorghum,Short Rains,2021,3055.39,2563.13
Nakuru,Sorghum,Long Rains,2022,990.47,1465.37
Nakuru,Sorghum,Short Rains,2022,4160.58,1273.85
Nakuru,Sorghum,Long Rains,2023,1336.11,2498.32
Nakuru,Sorghum,Short Rains,2023,4446.91,1286.07
Nakuru,Sorghum,Long Rains,2024,3286.9,3831.94
Nakuru,Sorghum,Short Rains,2024,1679.26,3668.26
Nakuru,Potatoes,Long Rains,2015,2160.8,3198.3
Nakuru,Potatoes,Short Rains,2015,3144.06,2725.3
Nakuru,Potatoes,Long Rains,2016,1134.07,4192.98
Nakuru,Potatoes,Short Rains,2016,1986.89,1013.94
Nakuru,Potatoes,Long Rains,2017,950.87,2995.38
Nakuru,Potatoes,Short Rains,2017,3306.99,181.28
Nakuru,Potatoes,Long Rains,2018,2694.74,1209.83
Nakuru,Potatoes,Short Rains,2018,3187.14,954.4
Nakuru,Potatoes,Long Rains,2019,3356.47,1995.0
Nakuru,Potatoes,Short Rains,2019,4265.9,773.85
Nakuru,Potatoes,Long Rains,2020,2061.95,656.02
Nakuru,Potatoes,Short Rains,2020,4221.37,4398.96
Nakuru,Potatoes,Long Rains,2021,1754.38,3333.92
Nakuru,Potatoes,Short Rains,2021,3823.72,2820.48
Nakuru,Potatoes,Long Rains,2022,2759.71,1285.08
Nakuru,Potatoes,Short Rains,2022,1144.48,4496.36
Nakuru,Potatoes,Long Rains,2023,4131.55,3202.2
Nakuru,Potatoes,Short Rains,2023,2054.41,1811.13
Nakuru,Potatoes,Long Rains,2024,3486.04,4495.84
Nakuru,Potatoes,Short Rains,2024,4082.22,3921.39
Kisumu,Maize,Long Rains,2015,3175.52,512.29
Kisumu,Maize,Short Rains,2015,1398.03,4502.92
Kisumu,Maize,Long Rains,2016,3043.79,145.07
Kisumu,Maize,Short Rains,2016,1175.44,3351.16
Kisumu,Maize,Long Rains,2017,818.73,887.96
Kisumu,Maize,Short Rains,2017,2830.32,3490.29
Kisumu,Maize,Long Rains,2018,3212.26,1198.92
Kisumu,Maize,Short Rains,2018,3435.06,1262.52
Kisumu,Maize,Long Rains,2019,2003.98,3757.81
Kisumu,Maize,Short Rains,2019,3203.64,4261.19
Kisumu,Maize,Long Rains,2020,3233.17,2884.71
Kisumu,Maize,Short Rains,2020,1146.6,1901.81
Kisumu,Maize,Long Rains,2021,1781.25,1295.55
Kisumu,Maize,Short Rains,2021,4400.14,2026.18
Kisumu,Maize,Long Rains,2022,4100.57,3192.58
Kisumu,Maize,Short Rains,2022,3740.8,2562.92
Kisumu,Maize,Long Rains,2023,2934.54,2513.34
Kisumu,Maize,Short Rains,2023,1522.4,3640.02
Kisumu,Maize,Long Rains,2024,1838.86,219.15
Kisumu,Maize,Short Rains,2024,3188.25,967.84
Kisumu,Beans,Long Rains,2015,4279.7,4774.25
Kisumu,Beans,Short Rains,2015,4185.0,1913.78
Kisumu,Beans,Long Rains,2016,857.19,4648.76
Kisumu,Beans,Short Rains,2016,2384.28,4836.61
Kisumu,Beans,Long Rains,2017,4365.39,4279.75
Kisumu,Beans,Short Rains,2017,1889.46,1986.98
Kisumu,Beans,Long Rains,2018,3949.21,1652.92
Kisumu,Beans,Short Rains,2018,1427.12,2828.33
Kisumu,Beans,Long Rains,2019,4263.77,3510.55
Kisumu,Beans,Short Rains,2019,2909.23,576.16
Kisumu,Beans,Long Rains,2020,3075.53,4951.26
Kisumu,Beans,Short Rains,2020,1318.31,2639.82
Kisumu,Beans,Long Rains,2021,4046.28,3729.77
Kisumu,Beans,Short Rains,2021,3378.96,3542.17
Kisumu,Beans,Long Rains,2022,2130.12,1538.6
Kisumu,Beans,Short Rains,2022,3794.64,4069.56
Kisumu,Beans,Long Rains,2023,4008.17,4574.88
Kisumu,Beans,Short Rains,2023,2691.97,2557.43
Kisumu,Beans,Long Rains,2024,3753.69,3284.82
Kisumu,Beans,Short Rains,2024,3397.28,3999.38
Kisumu,Wheat,Long Rains,2015,4093.02,1756.18
Kisumu,Wheat,Short Rains,2015,2189.66,560.51
Kisumu,Wheat,Long Rains,2016,2939.64,276.12
Kisumu,Wheat,Short Rains,2016,2522.71,2758.96
Kisumu,Wheat,Long Rains,2017,1860.2,2995.08
Kisumu,Wheat,Short Rains,2017,912.85,283.01
Kisumu,Wheat,Long Rains,2018,3843.62,1864.93
Kisumu,Wheat,Short Rains,2018,1270.12,2658.99
Kisumu,Wheat,Long Rains,2019,3648.98,1157.52
Kisumu,Wheat,Short Rains,2019,3104.69,518.2
Kisumu,Wheat,Long Rains,2020,991.22,2703.64
Kisumu,Wheat,Short Rains,2020,2800.35,3223.41
Kisumu,Wheat,Long Rains,2021,3486.54,4881.68
Kisumu,Wheat,Short Rains,2021,2710.31,1682.49
Kisumu,Wheat,Long Rains,2022,3742.19,1427.08
Kisumu,Wheat,Short Rains,2022,2424.19,484.44
Kisumu,Wheat,Long Rains,2023,893.8,4816.98
Kisumu,Wheat,Short Rains,2023,3893.13,3510.27
Kisumu,Wheat,Long Rains,2024,2313.13,949.14
Kisumu,Wheat,Short Rains,2024,1378.82,1326.19
Kisumu,Sorghum,Long Rains,2015,2832.14,3601.52
Kisumu,Sorghum,Short Rains,2015,3242.73,1471.68
Kisumu,Sorghum,Long Rains,2016,4333.0,3715.69
Kisumu,Sorghum,Short Rains,2016,2851.11,3097.43
Kisumu,Sorghum,Long Rains,2017,2352.52,1313.88
Kisumu,Sorghum,Short Rains,2017,2117.1,3813.45
Kisumu,Sorghum,Long Rains,2018,853.26,668.76
Kisumu,Sorghum,Short Rains,2018,970.21,299.57
Kisumu,Sorghum,Long Rains,2019,3965.2,3547.92
Kisumu,Sorghum,Short Rains,2019,2554.44,579.39
Kisumu,Sorghum,Long Rains,2020,2618.98,2420.01
Kisumu,Sorghum,Short Rains,2020,1440.85,2225.87
Kisumu,Sorghum,Long Rains,2021,2274.47,3117.67
Kisumu,Sorghum,Short Rains,2021,3149.85,321.99
Kisumu,Sorghum,Long Rains,2022,2186.07,3166.71
Kisumu,Sorghum,Short Rains,2022,2661.6,4296.8
Kisumu,Sorghum,Long Rains,2023,3237.17,898.38
Kisumu,Sorghum,Short Rains,2023,1061.1,3247.85
Kisumu,Sorghum,Long Rains,2024,898.09,2970.3
Kisumu,Sorghum,Short Rains,2024,4278.85,2919.82
Kisumu,Potatoes,Long Rains,2015,2236.23,3252.11
Kisumu,Potatoes,Short Rains,2015,2495.54,2773.52
Kisumu,Potatoes,Long Rains,2016,4283.42,1991.9
Kisumu,Potatoes,Short Rains,2016,4356.41,4536.22
Kisumu,Potatoes,Long Rains,2017,1524.43,439.87
Kisumu,Potatoes,Short Rains,2017,1172.88,189.29
Kisumu,Potatoes,Long Rains,2018,1149.44,3446.73
Kisumu,Potatoes,Short Rains,2018,1063.4,1662.98
Kisumu,Potatoes,Long Rains,2019,3926.04,214.03
Kisumu,Potatoes,Short Rains,2019,3813.53,1481.09
Kisumu,Potatoes,Long Rains,2020,1237.21,3514.01
Kisumu,Potatoes,Short Rains,2020,3127.09,4399.61
Kisumu,Potatoes,Long Rains,2021,3519.76,4037.06
Kisumu,Potatoes,Short Rains,2021,1843.53,969.45
Kisumu,Potatoes,Long Rains,2022,3577.27,4053.49
Kisumu,Potatoes,Short Rains,2022,4464.87,2121.83
Kisumu,Potatoes,Long Rains,2023,2176.47,3904.42
Kisumu,Potatoes,Short Rains,2023,2060.97,4660.71
Kisumu,Potatoes,Long Rains,2024,3976.13,2202.07
Kisumu,Potatoes,Short Rains,2024,3578.22,3797.26
Machakos,Maize,Long Rains,2015,1181.56,4522.51
Machakos,Maize,Short Rains,2015,2669.43,4149.64
Machakos,Maize,Long Rains,2016,1984.18,4488.06
Machakos,Maize,Short Rains,2016,2240.05,153.1
Machakos,Maize,Long Rains,2017,4149.91,547.3
Machakos,Maize,Short Rains,2017,1981.46,4755.3
Machakos,Maize,Long Rains,2018,4317.25,2909.85
Machakos,Maize,Short Rains,2018,3137.8,2297.38
Machakos,Maize,Long Rains,2019,1884.88,1710.46
Machakos,Maize,Short Rains,2019,3288.32,3786.64
Machakos,Maize,Long Rains,2020,3728.84,3969.13
Machakos,Maize,Short Rains,2020,1137.46,2522.66
Machakos,Maize,Long Rains,2021,1012.97,2792.69
Machakos,Maize,Short Rains,2021,2433.66,4449.75
Machakos,Maize,Long Rains,2022,2098.39,673.63
Machakos,Maize,Short Rains,2022,1329.07,3831.4
Machakos,Maize,Long Rains,2023,3087.41,595.5
Machakos,Maize,Short Rains,2023,1111.2,3534.75
Machakos,Maize,Long Rains,2024,1069.22,4127.11
Machakos,Maize,Short Rains,2024,3413.1,498.61
Machakos,Beans,Long Rains,2015,1113.9,4934.53
Machakos,Beans,Short Rains,2015,2184.8,1916.15
Machakos,Beans,Long Rains,2016,3807.36,4741.52
Machakos,Beans,Short Rains,2016,4448.2,3791.55
Machakos,Beans,Long Rains,2017,2192.16,509.15
Machakos,Beans,Short Rains,2017,3675.44,2836.18
Machakos,Beans,Long Rains,2018,2369.62,4541.14
Machakos,Beans,Short Rains,2018,1211.43,2513.86
Machakos,Beans,Long Rains,2019,842.01,2396.44
Machakos,Beans,Short Rains,2019,1008.32,682.21
Machakos,Beans,Long Rains,2020,1234.85,3281.13
Machakos,Beans,Short Rains,2020,3560.37,2958.51
Machakos,Beans,Long Rains,2021,4360.04,1936.87
Machakos,Beans,Short Rains,2021,1857.13,4356.14
Machakos,Beans,Long Rains,2022,1627.3,4819.79
Machakos,Beans,Short Rains,2022,844.97,4852.41
Machakos,Beans,Long Rains,2023,959.69,4466.6
Machakos,Beans,Short Rains,2023,2752.49,4965.53
Machakos,Beans,Long Rains,2024,1073.05,2813.89
Machakos,Beans,Short Rains,2024,4386.42,2663.18
Machakos,Wheat,Long Rains,2015,3128.77,3509.17
Machakos,Wheat,Short Rains,2015,2481.8,3175.03
Machakos,Wheat,Long Rains,2016,2961.96,4515.67
Machakos,Wheat,Short Rains,2016,968.15,1476.72
Machakos,Wheat,Long Rains,2017,4316.52,4462.29
Machakos,Wheat,Short Rains,2017,2485.93,3138.65
Machakos,Wheat,Long Rains,2018,1826.31,1021.79
Machakos,Wheat,Short Rains,2018,2515.68,1831.43
Machakos,Wheat,Long Rains,2019,2959.53,480.9
Machakos,Wheat,Short Rains,2019,4405.26,4932.43
Machakos,Wheat,Long Rains,2020,3383.2,2726.87
Machakos,Wheat,Short Rains,2020,1945.25,4087.6
Machakos,Wheat,Long Rains,2021,3333.51,896.82
Machakos,Wheat,Short Rains,2021,4170.43,4130.43
Machakos,Wheat,Long Rains,2022,4314.26,3656.03
Machakos,Wheat,Short Rains,2022,3069.64,2149.39
Machakos,Wheat,Long Rains,2023,4251.1,4343.71
Machakos,Wheat,Short Rains,2023,967.31,229.2
Machakos,Wheat,Long Rains,2024,2192.91,4071.71
Machakos,Wheat,Short Rains,2024,4452.92,837.04
Machakos,Sorghum,Long Rains,2015,2998.28,1966.37
Machakos,Sorghum,Short Rains,2015,4388.68,4226.38
Machakos,Sorghum,Long Rains,2016,3901.82,2396.6
Machakos,Sorghum,Short Rains,2016,2334.83,1439.69
Machakos,Sorghum,Long Rains,2017,1008.59,4337.14
Machakos,Sorghum,Short Rains,2017,3807.73,4998.62
Machakos,Sorghum,Long Rains,2018,4487.56,2821.62
Machakos,Sorghum,Short Rains,2018,3645.25,4729.35
Machakos,Sorghum,Long Rains,2019,3943.7,1312.01
Machakos,Sorghum,Short Rains,2019,2467.01,732.88
Machakos,Sorghum,Long Rains,2020,4329.99,3070.26
Machakos,Sorghum,Short Rains,2020,1645.98,3391.33
Machakos,Sorghum,Long Rains,2021,3087.07,1855.0
Machakos,Sorghum,Short Rains,2021,1220.16,3390.71
Machakos,Sorghum,Long Rains,2022,2725.14,3884.36
Machakos,Sorghum,Short Rains,2022,2724.6,4275.69
Machakos,Sorghum,Long Rains,2023,2842.06,2848.6
Machakos,Sorghum,Short Rains,2023,4043.62,2077.07
Machakos,Sorghum,Long Rains,2024,1295.86,241.04
Machakos,Sorghum,Short Rains,2024,3594.01,3139.52
Machakos,Potatoes,Long Rains,2015,3405.1,1143.52
Machakos,Potatoes,Short Rains,2015,1304.57,171.27
Machakos,Potatoes,Long Rains,2016,2097.17,2990.6
Machakos,Potatoes,Short Rains,2016,2251.3,2243.63
Machakos,Potatoes,Long Rains,2017,4145.39,1806.45
Machakos,Potatoes,Short Rains,2017,2701.76,3939.9
Machakos,Potatoes,Long Rains,2018,2267.21,3148.22
Machakos,Potatoes,Short Rains,2018,3990.75,4752.65
Machakos,Potatoes,Long Rains,2019,1344.17,4640.28
Machakos,Potatoes,Short Rains,2019,2620.83,1365.4
Machakos,Potatoes,Long Rains,2020,2498.8,4902.16
Machakos,Potatoes,Short Rains,2020,2622.69,1710.88
Machakos,Potatoes,Long Rains,2021,3143.58,1276.71
Machakos,Potatoes,Short Rains,2021,1080.69,731.51
Machakos,Potatoes,Long Rains,2022,1273.77,844.32
Machakos,Potatoes,Short Rains,2022,1313.66,3240.29
Machakos,Potatoes,Long Rains,2023,1472.96,1793.77
Machakos,Potatoes,Short Rains,2023,4118.12,2422.41
Machakos,Potatoes,Long Rains,2024,3269.96,944.37
Machakos,Potatoes,Short Rains,2024,1511.47,300.26
Meru,Maize,Long Rains,2015,1425.06,1465.09
Meru,Maize,Short Rains,2015,1454.94,534.64
Meru,Maize,Long Rains,2016,1246.35,2357.82
Meru,Maize,Short Rains,2016,1563.43,1884.92
Meru,Maize,Long Rains,2017,2662.64,3482.93
Meru,Maize,Short Rains,2017,945.45,4017.11
Meru,Maize,Long Rains,2018,3123.23,500.62
Meru,Maize,Short Rains,2018,4032.24,4612.27
Meru,Maize,Long Rains,2019,1025.99,1456.7
Meru,Maize,Short Rains,2019,3782.94,3766.47
Meru,Maize,Long Rains,2020,1482.73,1125.81
Meru,Maize,Short Rains,2020,2170.75,2474.16
Meru,Maize,Long Rains,2021,3087.54,1907.68
Meru,Maize,Short Rains,2021,2511.38,3762.61
Meru,Maize,Long Rains,2022,935.73,1336.94
Meru,Maize,Short Rains,2022,3439.39,4486.51
Meru,Maize,Long Rains,2023,2693.21,2707.36
Meru,Maize,Short Rains,2023,1196.54,2292.32
Meru,Maize,Long Rains,2024,2770.68,1288.11
Meru,Maize,Short Rains,2024,1796.2,1948.69
Meru,Beans,Long Rains,2015,874.26,1678.19
Meru,Beans,Short Rains,2015,1582.36,1704.74
Meru,Beans,Long Rains,2016,1243.12,4463.58
Meru,Beans,Short Rains,2016,2996.29,3427.6
Meru,Beans,Long Rains,2017,3719.93,2542.37
Meru,Beans,Short Rains,2017,1121.61,2731.82
Meru,Beans,Long Rains,2018,2971.31,3752.65
Meru,Beans,Short Rains,2018,2397.14,725.14
Meru,Beans,Long Rains,2019,1849.97,1879.1
Meru,Beans,Short Rains,2019,3189.89,2896.81
Meru,Beans,Long Rains,2020,2117.56,4933.92
Meru,Beans,Short Rains,2020,3041.37,1262.41
Meru,Beans,Long Rains,2021,1176.6,849.01
Meru,Beans,Short Rains,2021,1710.04,887.34
Meru,Beans,Long Rains,2022,1490.3,1496.97
Meru,Beans,Short Rains,2022,1441.48,4494.15
Meru,Beans,Long Rains,2023,1096.86,2670.11
Meru,Beans,Short Rains,2023,2318.47,4913.66
Meru,Beans,Long Rains,2024,1214.54,2049.49
Meru,Beans,Short Rains,2024,4387.04,4340.98
Meru,Wheat,Long Rains,2015,3823.17,1363.72
Meru,Wheat,Short Rains,2015,1432.28,3376.35
Meru,Wheat,Long Rains,2016,4238.69,2828.14
Meru,Wheat,Short Rains,2016,2914.97,1471.9
Meru,Wheat,Long Rains,2017,3647.12,1016.51
Meru,Wheat,Short Rains,2017,1997.61,2184.64
Meru,Wheat,Long Rains,2018,2678.16,1287.81
Meru,Wheat,Short Rains,2018,1224.9,3092.04
Meru,Wheat,Long Rains,2019,1867.93,2948.07
Meru,Wheat,Short Rains,2019,1371.14,2457.59
Meru,Wheat,Long Rains,2020,2770.58,353.94
Meru,Wheat,Short Rains,2020,2045.44,758.63
Meru,Wheat,Long Rains,2021,1034.49,4950.81
Meru,Wheat,Short Rains,2021,1992.71,4068.38
Meru,Wheat,Long Rains,2022,1742.17,3439.36
Meru,Wheat,Short Rains,2022,3612.84,3018.63
Meru,Wheat,Long Rains,2023,2544.83,2118.02
Meru,Wheat,Short Rains,2023,2090.81,4654.69
Meru,Wheat,Long Rains,2024,3873.29,4828.63
Meru,Wheat,Short Rains,2024,1259.9,3681.25
Meru,Sorghum,Long Rains,2015,4271.86,988.04
Meru,Sorghum,Short Rains,2015,1046.04,3731.49
Meru,Sorghum,Long Rains,2016,2925.55,4224.96
Meru,Sorghum,Short Rains,2016,1317.16,3996.81
Meru,Sorghum,Long Rains,2017,1546.02,901.91
Meru,Sorghum,Short Rains,2017,1407.78,4091.42
Meru,Sorghum,Long Rains,2018,3261.23,2663.02
Meru,Sorghum,Short Rains,2018,2127.67,4398.28
Meru,Sorghum,Long Rains,2019,2252.05,4101.34
Meru,Sorghum,Short Rains,2019,2424.8,1947.03
Meru,Sorghum,Long Rains,2020,2511.92,1576.75
Meru,Sorghum,Short Rains,2020,3566.15,2563.33
Meru,Sorghum,Long Rains,2021,1659.19,4507.92
Meru,Sorghum,Short Rains,2021,2220.4,2763.41
Meru,Sorghum,Long Rains,2022,4153.95,3158.77
Meru,Sorghum,Short Rains,2022,1232.52,4705.18
Meru,Sorghum,Long Rains,2023,3122.52,1741.04
Meru,Sorghum,Short Rains,2023,1315.31,3990.72
Meru,Sorghum,Long Rains,2024,3094.27,2713.96
Meru,Sorghum,Short Rains,2024,4107.4,3964.13
Meru,Potatoes,Long Rains,2015,1361.2,1627.44
Meru,Potatoes,Short Rains,2015,1719.41,3745.34
Meru,Potatoes,Long Rains,2016,924.07,2892.46
Meru,Potatoes,Short Rains,2016,3621.1,4396.15
Meru,Potatoes,Long Rains,2017,2065.7,4124.16
Meru,Potatoes,Short Rains,2017,1209.34,4247.62
Meru,Potatoes,Long Rains,2018,1271.71,2046.71
Meru,Potatoes,Short Rains,2018,3749.99,834.6
Meru,Potatoes,Long Rains,2019,1648.23,3639.04
Meru,Potatoes,Short Rains,2019,3464.14,3241.62
Meru,Potatoes,Long Rains,2020,3367.61,2759.35
Meru,Potatoes,Short Rains,2020,1731.66,1793.91
Meru,Potatoes,Long Rains,2021,1471.91,4551.41
Meru,Potatoes,Short Rains,2021,2958.55,2064.17
Meru,Potatoes,Long Rains,2022,2509.42,4741.69
Meru,Potatoes,Short Rains,2022,1367.4,2972.53
Meru,Potatoes,Long Rains,2023,2671.79,3096.13
Meru,Potatoes,Short Rains,2023,867.01,4373.41
Meru,Potatoes,Long Rains,2024,4248.84,2869.15
Meru,Potatoes,Short Rains,2024,3377.61,4620.25
Kakamega,Maize,Long Rains,2015,3416.78,847.44
Kakamega,Maize,Short Rains,2015,2932.27,3072.9
Kakamega,Maize,Long Rains,2016,2369.28,3708.58
Kakamega,Maize,Short Rains,2016,4257.16,4635.29
Kakamega,Maize,Long Rains,2017,2468.11,654.87
Kakamega,Maize,Short Rains,2017,4443.91,4210.6
Kakamega,Maize,Long Rains,2018,1261.25,4612.13
Kakamega,Maize,Short Rains,2018,4018.62,2642.31
Kakamega,Maize,Long Rains,2019,2987.72,2055.11
Kakamega,Maize,Short Rains,2019,1002.62,1742.47
Kakamega,Maize,Long Rains,2020,3770.56,122.7
Kakamega,Maize,Short Rains,2020,2033.95,2051.03
Kakamega,Maize,Long Rains,2021,2788.36,4607.29
Kakamega,Maize,Short Rains,2021,2081.48,1800.07
Kakamega,Maize,Long Rains,2022,3528.75,2315.87
Kakamega,Maize,Short Rains,2022,1631.04,2316.95
Kakamega,Maize,Long Rains,2023,1321.17,964.3
Kakamega,Maize,Short Rains,2023,2643.96,2152.73
Kakamega,Maize,Long Rains,2024,4184.93,1875.73
Kakamega,Maize,Short Rains,2024,2948.18,3198.1
Kakamega,Beans,Long Rains,2015,848.45,3351.33
Kakamega,Beans,Short Rains,2015,1458.73,4809.24
Kakamega,Beans,Long Rains,2016,1350.05,2131.66
Kakamega,Beans,Short Rains,2016,1115.79,4984.68
Kakamega,Beans,Long Rains,2017,2658.12,3017.39
Kakamega,Beans,Short Rains,2017,1048.18,3774.81
Kakamega,Beans,Long Rains,2018,1576.65,4500.47
Kakamega,Beans,Short Rains,2018,1559.02,1034.37
Kakamega,Beans,Long Rains,2019,935.23,2413.13
Kakamega,Beans,Short Rains,2019,2889.91,421.97
Kakamega,Beans,Long Rains,2020,3669.45,2321.12
Kakamega,Beans,Short Rains,2020,2740.24,2259.74
Kakamega,Beans,Long Rains,2021,2282.82,2842.24
Kakamega,Beans,Short Rains,2021,1374.39,991.45
Kakamega,Beans,Long Rains,2022,3988.61,4735.97
Kakamega,Beans,Short Rains,2022,2181.24,1426.65
Kakamega,Beans,Long Rains,2023,3182.8,2102.8
Kakamega,Beans,Short Rains,2023,893.93,865.15
Kakamega,Beans,Long Rains,2024,3449.1,3328.73
Kakamega,Beans,Short Rains,2024,900.26,1187.66
Kakamega,Wheat,Long Rains,2015,1654.98,3392.27
Kakamega,Wheat,Short Rains,2015,872.93,610.13
Kakamega,Wheat,Long Rains,2016,3759.69,974.87
Kakamega,Wheat,Short Rains,2016,3215.16,1267.1
Kakamega,Wheat,Long Rains,2017,1167.93,1291.54
Kakamega,Wheat,Short Rains,2017,3472.39,4292.91
Kakamega,Wheat,Long Rains,2018,3871.81,2046.2
Kakamega,Wheat,Short Rains,2018,3271.92,1104.42
Kakamega,Wheat,Long Rains,2019,1884.65,4492.05
Kakamega,Wheat,Short Rains,2019,848.11,518.99
Kakamega,Wheat,Long Rains,2020,1569.18,230.01
Kakamega,Wheat,Short Rains,2020,1471.31,2956.9
Kakamega,Wheat,Long Rains,2021,2359.27,4474.09
Kakamega,Wheat,Short Rains,2021,3824.54,1774.91
Kakamega,Wheat,Long Rains,2022,1759.87,1960.49
Kakamega,Wheat,Short Rains,2022,2984.09,1413.51
Kakamega,Wheat,Long Rains,2023,3109.35,2106.12
Kakamega,Wheat,Short Rains,2023,2842.57,2237.02
Kakamega,Wheat,Long Rains,2024,1889.52,4747.42
Kakamega,Wheat,Short Rains,2024,3625.34,786.55
Kakamega,Sorghum,Long Rains,2015,4013.33,2488.41
Kakamega,Sorghum,Short Rains,2015,4109.84,4019.29
Kakamega,Sorghum,Long Rains,2016,2373.29,210.1
Kakamega,Sorghum,Short Rains,2016,1794.11,2754.01
Kakamega,Sorghum,Long Rains,2017,3143.87,1363.65
Kakamega,Sorghum,Short Rains,2017,1315.62,4191.16
Kakamega,Sorghum,Long Rains,2018,4442.29,2675.88
Kakamega,Sorghum,Short Rains,2018,1435.21,1434.31
Kakamega,Sorghum,Long Rains,2019,868.05,4580.06
Kakamega,Sorghum,Short Rains,2019,1235.68,2924.93
Kakamega,Sorghum,Long Rains,2020,1814.0,2815.47
Kakamega,Sorghum,Short Rains,2020,3210.26,4165.73
Kakamega,Sorghum,Long Rains,2021,1563.76,153.88
Kakamega,Sorghum,Short Rains,2021,1306.48,4510.09
Kakamega,Sorghum,Long Rains,2022,4033.39,3027.32
Kakamega,Sorghum,Short Rains,2022,3021.91,3358.68
Kakamega,Sorghum,Long Rains,2023,1448.87,4580.62
Kakamega,Sorghum,Short Rains,2023,2349.45,1977.38
Kakamega,Sorghum,Long Rains,2024,2720.0,330.13
Kakamega,Sorghum,Short Rains,2024,1415.25,3716.36
Kakamega,Potatoes,Long Rains,2015,1106.36,3055.45
Kakamega,Potatoes,Short Rains,2015,1707.79,2007.55
Kakamega,Potatoes,Long Rains,2016,1868.17,1842.8
Kakamega,Potatoes,Short Rains,2016,3460.47,1555.9
Kakamega,Potatoes,Long Rains,2017,2895.7,2432.65
Kakamega,Potatoes,Short Rains,2017,3255.58,4690.47
Kakamega,Potatoes,Long Rains,2018,3510.52,1153.21
Kakamega,Potatoes,Short Rains,2018,915.38,1385.09
Kakamega,Potatoes,Long Rains,2019,3001.79,351.99
Kakamega,Potatoes,Short Rains,2019,2636.56,3024.53
Kakamega,Potatoes,Long Rains,2020,2036.7,3877.47
Kakamega,Potatoes,Short Rains,2020,1194.41,468.18
Kakamega,Potatoes,Long Rains,2021,3494.3,2527.91
Kakamega,Potatoes,Short Rains,2021,3347.09,2230.65
Kakamega,Potatoes,Long Rains,2022,1711.69,4113.6
Kakamega,Potatoes,Short Rains,2022,3757.84,3504.01
Kakamega,Potatoes,Long Rains,2023,1806.94,2992.13
Kakamega,Potatoes,Short Rains,2023,2135.6,548.75
Kakamega,Potatoes,Long Rains,2024,4194.06,770.41
Kakamega,Potatoes,Short Rains,2024,4315.88,2285.43
Uasin Gishu,Maize,Long Rains,2015,1484.99,2755.31
Uasin Gishu,Maize,Short Rains,2015,4029.9,3687.9
Uasin Gishu,Maize,Long Rains,2016,3784.28,3328.04
Uasin Gishu,Maize,Short Rains,2016,3361.42,4261.06
Uasin Gishu,Maize,Long Rains,2017,1723.77,2498.18
Uasin Gishu,Maize,Short Rains,2017,1618.47,4939.57
Uasin Gishu,Maize,Long Rains,2018,4293.02,293.19
Uasin Gishu,Maize,Short Rains,2018,3410.63,4633.72
Uasin Gishu,Maize,Long Rains,2019,1468.13,2882.93
Uasin Gishu,Maize,Short Rains,2019,4187.31,266.34
Uasin Gishu,Maize,Long Rains,2020,3380.45,1557.01
Uasin Gishu,Maize,Short Rains,2020,4220.27,4858.19
Uasin Gishu,Maize,Long Rains,2021,4293.79,2423.65
Uasin Gishu,Maize,Short Rains,2021,3989.56,4238.29
Uasin Gishu,Maize,Long Rains,2022,1980.67,4161.69
Uasin Gishu,Maize,Short Rains,2022,936.93,3021.72
Uasin Gishu,Maize,Long Rains,2023,1651.03,690.78
Uasin Gishu,Maize,Short Rains,2023,1084.73,3511.82
Uasin Gishu,Maize,Long Rains,2024,2057.54,3651.36
Uasin Gishu,Maize,Short Rains,2024,1041.82,1644.92
Uasin Gishu,Beans,Long Rains,2015,2796.12,3974.54
Uasin Gishu,Beans,Short Rains,2015,1979.38,3166.87
Uasin Gishu,Beans,Long Rains,2016,4078.12,3117.73
Uasin Gishu,Beans,Short Rains,2016,1661.95,219.56
Uasin Gishu,Beans,Long Rains,2017,4019.37,204.22
Uasin Gishu,Beans,Short Rains,2017,4036.4,2691.79
Uasin Gishu,Beans,Long Rains,2018,4274.55,4014.04
Uasin Gishu,Beans,Short Rains,2018,4492.36,1818.49
Uasin Gishu,Beans,Long Rains,2019,3638.6,2069.46
Uasin Gishu,Beans,Short Rains,2019,2575.54,3174.78
Uasin Gishu,Beans,Long Rains,2020,4032.61,4922.01
Uasin Gishu,Beans,Short Rains,2020,3642.61,2147.06
Uasin Gishu,Beans,Long Rains,2021,2359.02,3714.15
Uasin Gishu,Beans,Short Rains,2021,1683.48,641.32
Uasin Gishu,Beans,Long Rains,2022,2112.1,1507.47
Uasin Gishu,Beans,Short Rains,2022,1896.34,1244.68
Uasin Gishu,Beans,Long Rains,2023,955.74,187.58
Uasin Gishu,Beans,Short Rains,2023,4454.57,2196.09
Uasin Gishu,Beans,Long Rains,2024,2222.01,3430.27
Uasin Gishu,Beans,Short Rains,2024,1607.54,4754.81
Uasin Gishu,Wheat,Long Rains,2015,3709.48,538.11
Uasin Gishu,Wheat,Short Rains,2015,2345.05,4407.68
Uasin Gishu,Wheat,Long Rains,2016,4295.51,2390.27
Uasin Gishu,Wheat,Short Rains,2016,3069.62,918.47
Uasin Gishu,Wheat,Long Rains,2017,4467.32,1235.19
Uasin Gishu,Wheat,Short Rains,2017,4288.11,3283.27
Uasin Gishu,Wheat,Long Rains,2018,3048.63,2612.17
Uasin Gishu,Wheat,Short Rains,2018,1653.48,964.99
Uasin Gishu,Wheat,Long Rains,2019,1615.8,1013.55
Uasin Gishu,Wheat,Short Rains,2019,3684.46,1815.61
Uasin Gishu,Wheat,Long Rains,2020,1014.02,4848.6
Uasin Gishu,Wheat,Short Rains,2020,4070.01,4645.99
Uasin Gishu,Wheat,Long Rains,2021,4481.16,952.09
Uasin Gishu,Wheat,Short Rains,2021,2266.1,3815.37
Uasin Gishu,Wheat,Long Rains,2022,3375.28,854.09
Uasin Gishu,Wheat,Short Rains,2022,3818.58,1199.76
Uasin Gishu,Wheat,Long Rains,2023,1628.13,2731.17
Uasin Gishu,Wheat,Short Rains,2023,2993.88,2942.42
Uasin Gishu,Wheat,Long Rains,2024,1138.5,4399.56
Uasin Gishu,Wheat,Short Rains,2024,1782.72,734.62
Uasin Gishu,Sorghum,Long Rains,2015,4088.37,4782.69
Uasin Gishu,Sorghum,Short Rains,2015,3989.87,4066.63
Uasin Gishu,Sorghum,Long Rains,2016,3224.4,2799.2
Uasin Gishu,Sorghum,Short Rains,2016,1121.85,2101.42
Uasin Gishu,Sorghum,Long Rains,2017,2178.95,1372.79
Uasin Gishu,Sorghum,Short Rains,2017,3476.65,2529.79
Uasin Gishu,Sorghum,Long Rains,2018,1099.87,1178.9
Uasin Gishu,Sorghum,Short Rains,2018,3328.06,473.04
Uasin Gishu,Sorghum,Long Rains,2019,3949.47,2526.22
Uasin Gishu,Sorghum,Short Rains,2019,2578.17,3002.8
Uasin Gishu,Sorghum,Long Rains,2020,3851.32,1804.27
Uasin Gishu,Sorghum,Short Rains,2020,3308.66,2872.09
Uasin Gishu,Sorghum,Long Rains,2021,1788.0,4405.29
Uasin Gishu,Sorghum,Short Rains,2021,3750.48,3326.41
Uasin Gishu,Sorghum,Long Rains,2022,3947.15,4349.74
Uasin Gishu,Sorghum,Short Rains,2022,3420.94,4201.37
Uasin Gishu,Sorghum,Long Rains,2023,3380.64,3432.69
Uasin Gishu,Sorghum,Short Rains,2023,3088.86,3788.31
Uasin Gishu,Sorghum,Long Rains,2024,1386.84,4416.27
Uasin Gishu,Sorghum,Short Rains,2024,4025.82,243.31
Uasin Gishu,Potatoes,Long Rains,2015,3855.52,731.46
Uasin Gishu,Potatoes,Short Rains,2015,2039.94,3743.19
Uasin Gishu,Potatoes,Long Rains,2016,1394.81,4108.04
Uasin Gishu,Potatoes,Short Rains,2016,3878.9,2586.59
Uasin Gishu,Potatoes,Long Rains,2017,823.63,1506.49
Uasin Gishu,Potatoes,Short Rains,2017,3082.63,4907.81
Uasin Gishu,Potatoes,Long Rains,2018,3137.71,1373.04
Uasin Gishu,Potatoes,Short Rains,2018,3145.82,2745.93
Uasin Gishu,Potatoes,Long Rains,2019,3685.43,624.21
Uasin Gishu,Potatoes,Short Rains,2019,3615.8,2752.21
Uasin Gishu,Potatoes,Long Rains,2020,4363.07,1775.17
Uasin Gishu,Potatoes,Short Rains,2020,3140.7,4666.94
Uasin Gishu,Potatoes,Long Rains,2021,1179.29,4692.42
Uasin Gishu,Potatoes,Short Rains,2021,3345.18,432.4
Uasin Gishu,Potatoes,Long Rains,2022,1913.57,3570.04
Uasin Gishu,Potatoes,Short Rains,2022,1049.2,2952.64
Uasin Gishu,Potatoes,Long Rains,2023,2079.77,3142.49
Uasin Gishu,Potatoes,Short Rains,2023,969.25,4370.53
Uasin Gishu,Potatoes,Long Rains,2024,4401.91,4847.5
Uasin Gishu,Potatoes,Short Rains,2024,3573.71,737.42
Trans Nzoia,Maize,Long Rains,2015,3605.57,220.48
Trans Nzoia,Maize,Short Rains,2015,881.86,1685.69
Trans Nzoia,Maize,Long Rains,2016,2607.98,3875.0
Trans Nzoia,Maize,Short Rains,2016,3328.19,2284.92
Trans Nzoia,Maize,Long Rains,2017,1812.42,4985.91
Trans Nzoia,Maize,Short Rains,2017,2376.87,2311.8
Trans Nzoia,Maize,Long Rains,2018,1405.41,3994.57
Trans Nzoia,Maize,Short Rains,2018,3366.62,1181.77
Trans Nzoia,Maize,Long Rains,2019,1104.81,3434.45
Trans Nzoia,Maize,Short Rains,2019,3221.69,1438.97
Trans Nzoia,Maize,Long Rains,2020,4318.2,840.18
Trans Nzoia,Maize,Short Rains,2020,2399.64,4723.72
Trans Nzoia,Maize,Long Rains,2021,2352.99,3228.78
Trans Nzoia,Maize,Short Rains,2021,2271.1,1443.65
Trans Nzoia,Maize,Long Rains,2022,4440.72,2105.74
Trans Nzoia,Maize,Short Rains,2022,4108.17,1226.78
Trans Nzoia,Maize,Long Rains,2023,1588.49,252.56
Trans Nzoia,Maize,Short Rains,2023,3211.17,1905.78
Trans Nzoia,Maize,Long Rains,2024,3998.13,2418.73
Trans Nzoia,Maize,Short Rains,2024,4382.32,1009.08
Trans Nzoia,Beans,Long Rains,2015,4013.91,3905.32
Trans Nzoia,Beans,Short Rains,2015,3652.41,4239.44
Trans Nzoia,Beans,Long Rains,2016,3615.79,3168.48
Trans Nzoia,Beans,Short Rains,2016,1285.61,259.38
Trans Nzoia,Beans,Long Rains,2017,4207.14,3121.59
Trans Nzoia,Beans,Short Rains,2017,3747.19,2459.46
Trans Nzoia,Beans,Long Rains,2018,1234.04,713.41
Trans Nzoia,Beans,Short Rains,2018,3336.59,2208.5
Trans Nzoia,Beans,Long Rains,2019,1541.94,2508.81
Trans Nzoia,Beans,Short Rains,2019,1037.57,2951.66
Trans Nzoia,Beans,Long Rains,2020,1795.28,4008.04
Trans Nzoia,Beans,Short Rains,2020,1948.34,2330.58
Trans Nzoia,Beans,Long Rains,2021,843.0,454.99
Trans Nzoia,Beans,Short Rains,2021,2252.23,2451.7
Trans Nzoia,Beans,Long Rains,2022,3020.08,1529.15
Trans Nzoia,Beans,Short Rains,2022,3371.43,4314.6
Trans Nzoia,Beans,Long Rains,2023,3685.45,294.13
Trans Nzoia,Beans,Short Rains,2023,2577.88,614.16
Trans Nzoia,Beans,Long Rains,2024,1695.57,4934.65
Trans Nzoia,Beans,Short Rains,2024,1327.23,2544.55
Trans Nzoia,Wheat,Long Rains,2015,3087.18,3542.08
Trans Nzoia,Wheat,Short Rains,2015,2870.7,147.88
Trans Nzoia,Wheat,Long Rains,2016,2007.91,2636.79
Trans Nzoia,Wheat,Short Rains,2016,1125.11,1818.07
Trans Nzoia,Wheat,Long Rains,2017,922.85,485.03
Trans Nzoia,Wheat,Short Rains,2017,2268.62,750.31
Trans Nzoia,Wheat,Long Rains,2018,2899.9,3478.38
Trans Nzoia,Wheat,Short Rains,2018,3762.17,1080.74
Trans Nzoia,Wheat,Long Rains,2019,1419.69,612.38
Trans Nzoia,Wheat,Short Rains,2019,3154.79,3561.73
Trans Nzoia,Wheat,Long Rains,2020,916.87,4687.44
Trans Nzoia,Wheat,Short Rains,2020,992.29,2752.35
Trans Nzoia,Wheat,Long Rains,2021,3423.52,4367.75
Trans Nzoia,Wheat,Short Rains,2021,3442.12,4028.47
Trans Nzoia,Wheat,Long Rains,2022,2055.97,4092.64
Trans Nzoia,Wheat,Short Rains,2022,1096.42,4484.6
Trans Nzoia,Wheat,Long Rains,2023,2826.09,4104.76
Trans Nzoia,Wheat,Short Rains,2023,2473.58,3253.53
Trans Nzoia,Wheat,Long Rains,2024,2747.69,3684.79
Trans Nzoia,Wheat,Short Rains,2024,1102.03,395.73
Trans Nzoia,Sorghum,Long Rains,2015,1714.28,881.77
Trans Nzoia,Sorghum,Short Rains,2015,4025.6,1174.15
Trans Nzoia,Sorghum,Long Rains,2016,4410.7,1750.79
Trans Nzoia,Sorghum,Short Rains,2016,1473.84,3969.52
Trans Nzoia,Sorghum,Long Rains,2017,3237.22,2541.16
Trans Nzoia,Sorghum,Short Rains,2017,2854.85,3624.09
Trans Nzoia,Sorghum,Long Rains,2018,1645.28,4982.04
Trans Nzoia,Sorghum,Short Rains,2018,4406.73,3286.6
Trans Nzoia,Sorghum,Long Rains,2019,1538.31,3433.12
Trans Nzoia,Sorghum,Short Rains,2019,1067.13,250.2
Trans Nzoia,Sorghum,Long Rains,2020,1753.43,2366.85
Trans Nzoia,Sorghum,Short Rains,2020,4012.61,3663.13
Trans Nzoia,Sorghum,Long Rains,2021,3548.01,2184.92
Trans Nzoia,Sorghum,Short Rains,2021,2079.96,1918.09
Trans Nzoia,Sorghum,Long Rains,2022,4454.3,296.54
Trans Nzoia,Sorghum,Short Rains,2022,4008.02,2935.51
Trans Nzoia,Sorghum,Long Rains,2023,2422.88,3653.76
Trans Nzoia,Sorghum,Short Rains,2023,2600.68,4379.77
Trans Nzoia,Sorghum,Long Rains,2024,4132.6,2166.43
Trans Nzoia,Sorghum,Short Rains,2024,1824.26,3002.52
Trans Nzoia,Potatoes,Long Rains,2015,4175.74,1132.24
Trans Nzoia,Potatoes,Short Rains,2015,3104.98,3194.65
Trans Nzoia,Potatoes,Long Rains,2016,3512.52,744.68
Trans Nzoia,Potatoes,Short Rains,2016,3448.55,4554.26
Trans Nzoia,Potatoes,Long Rains,2017,1464.83,1263.96
Trans Nzoia,Potatoes,Short Rains,2017,4394.16,986.79
Trans Nzoia,Potatoes,Long Rains,2018,3961.22,2512.16
Trans Nzoia,Potatoes,Short Rains,2018,1714.75,4366.67
Trans Nzoia,Potatoes,Long Rains,2019,2447.63,2622.61
Trans Nzoia,Potatoes,Short Rains,2019,2129.16,3005.46
Trans Nzoia,Potatoes,Long Rains,2020,1405.04,2016.3
Trans Nzoia,Potatoes,Short Rains,2020,4386.83,1364.85
Trans Nzoia,Potatoes,Long Rains,2021,3229.93,1693.43
Trans Nzoia,Potatoes,Short Rains,2021,3661.85,741.28
Trans Nzoia,Potatoes,Long Rains,2022,4388.34,2323.57
Trans Nzoia,Potatoes,Short Rains,2022,1673.39,460.13
Trans Nzoia,Potatoes,Long Rains,2023,1428.1,2646.89
Trans Nzoia,Potatoes,Short Rains,2023,2046.91,4161.53
Trans Nzoia,Potatoes,Long Rains,2024,2394.28,1318.7
Trans Nzoia,Potatoes,Short Rains,2024,3083.44,3563.21
Nyandarua,Maize,Long Rains,2015,1418.06,921.33
Nyandarua,Maize,Short Rains,2015,935.68,3708.37
Nyandarua,Maize,Long Rains,2016,3256.08,2425.69
Nyandarua,Maize,Short Rains,2016,3923.43,4047.78
Nyandarua,Maize,Long Rains,2017,2965.81,4354.53
Nyandarua,Maize,Short Rains,2017,1561.61,648.41
Nyandarua,Maize,Long Rains,2018,1798.07,379.73
Nyandarua,Maize,Short Rains,2018,2765.33,4689.37
Nyandarua,Maize,Long Rains,2019,945.57,698.34
Nyandarua,Maize,Short Rains,2019,2473.14,4675.99
Nyandarua,Maize,Long Rains,2020,1969.78,2585.45
Nyandarua,Maize,Short Rains,2020,953.82,826.88
Nyandarua,Maize,Long Rains,2021,4450.53,4829.08
Nyandarua,Maize,Short Rains,2021,818.28,4763.88
Nyandarua,Maize,Long Rains,2022,3164.74,4352.8
Nyandarua,Maize,Short Rains,2022,2482.54,2626.42
Nyandarua,Maize,Long Rains,2023,2608.73,3367.63
Nyandarua,Maize,Short Rains,2023,1316.71,246.87
Nyandarua,Maize,Long Rains,2024,1939.34,3552.94
Nyandarua,Maize,Short Rains,2024,1546.86,3399.82
Nyandarua,Beans,Long Rains,2015,4388.67,560.11
Nyandarua,Beans,Short Rains,2015,3288.63,2274.38
Nyandarua,Beans,Long Rains,2016,4012.13,968.03
Nyandarua,Beans,Short Rains,2016,3362.72,4206.76
Nyandarua,Beans,Long Rains,2017,4295.07,3447.92
Nyandarua,Beans,Short Rains,2017,2639.55,3127.45
Nyandarua,Beans,Long Rains,2018,4014.95,2895.99
Nyandarua,Beans,Short Rains,2018,912.43,4661.65
Nyandarua,Beans,Long Rains,2019,3351.25,3414.92
Nyandarua,Beans,Short Rains,2019,1598.0,3328.54
Nyandarua,Beans,Long Rains,2020,2257.3,3291.04
Nyandarua,Beans,Short Rains,2020,1194.39,3323.44
Nyandarua,Beans,Long Rains,2021,4497.83,336.24
Nyandarua,Beans,Short Rains,2021,4415.54,2093.85
Nyandarua,Beans,Long Rains,2022,4021.79,3933.69
Nyandarua,Beans,Short Rains,2022,2897.96,3718.4
Nyandarua,Beans,Long Rains,2023,4050.51,2080.29
Nyandarua,Beans,Short Rains,2023,2010.02,3371.21
Nyandarua,Beans,Long Rains,2024,3789.03,3835.2
Nyandarua,Beans,Short Rains,2024,3751.91,2234.36
Nyandarua,Wheat,Long Rains,2015,3825.99,689.02
Nyandarua,Wheat,Short Rains,2015,2814.61,128.22
Nyandarua,Wheat,Long Rains,2016,2000.97,1895.66
Nyandarua,Wheat,Short Rains,2016,2265.84,3507.79
Nyandarua,Wheat,Long Rains,2017,2237.66,2298.6
Nyandarua,Wheat,Short Rains,2017,1678.91,1928.93
Nyandarua,Wheat,Long Rains,2018,1640.9,458.66
Nyandarua,Wheat,Short Rains,2018,3032.76,3374.24
Nyandarua,Wheat,Long Rains,2019,3092.11,2371.12
Nyandarua,Wheat,Short Rains,2019,2205.21,4330.33
Nyandarua,Wheat,Long Rains,2020,2720.6,2447.99
Nyandarua,Wheat,Short Rains,2020,894.88,1772.11
Nyandarua,Wheat,Long Rains,2021,2206.72,2054.23
Nyandarua,Wheat,Short Rains,2021,2946.64,2714.65
Nyandarua,Wheat,Long Rains,2022,3049.25,3847.93
Nyandarua,Wheat,Short Rains,2022,3808.05,3618.8
Nyandarua,Wheat,Long Rains,2023,4335.44,189.34
Nyandarua,Wheat,Short Rains,2023,1524.38,137.06
Nyandarua,Wheat,Long Rains,2024,3195.66,4500.35
Nyandarua,Wheat,Short Rains,2024,1700.88,4642.47
Nyandarua,Sorghum,Long Rains,2015,1022.99,4678.74
Nyandarua,Sorghum,Short Rains,2015,2101.0,596.96
Nyandarua,Sorghum,Long Rains,2016,2597.73,1358.21
Nyandarua,Sorghum,Short Rains,2016,1854.03,1605.72
Nyandarua,Sorghum,Long Rains,2017,3771.2,2741.89
Nyandarua,Sorghum,Short Rains,2017,1951.84,3090.64
Nyandarua,Sorghum,Long Rains,2018,3449.76,1435.86
Nyandarua,Sorghum,Short Rains,2018,2330.13,697.24
Nyandarua,Sorghum,Long Rains,2019,1470.25,3437.48
Nyandarua,Sorghum,Short Rains,2019,1471.32,2673.3
Nyandarua,Sorghum,Long Rains,2020,3423.47,623.7
Nyandarua,Sorghum,Short Rains,2020,2899.06,1357.16
Nyandarua,Sorghum,Long Rains,2021,4362.83,2469.37
Nyandarua,Sorghum,Short Rains,2021,3782.17,2796.11
Nyandarua,Sorghum,Long Rains,2022,960.63,3202.44
Nyandarua,Sorghum,Short Rains,2022,4320.19,3047.9
Nyandarua,Sorghum,Long Rains,2023,3831.0,4432.61
Nyandarua,Sorghum,Short Rains,2023,1643.9,1139.02
Nyandarua,Sorghum,Long Rains,2024,3060.63,2114.04
Nyandarua,Sorghum,Short Rains,2024,3907.49,4510.11
Nyandarua,Potatoes,Long Rains,2015,2107.66,1260.67
Nyandarua,Potatoes,Short Rains,2015,3687.94,1446.55
Nyandarua,Potatoes,Long Rains,2016,3843.67,2176.32
Nyandarua,Potatoes,Short Rains,2016,3269.93,568.12
Nyandarua,Potatoes,Long Rains,2017,3108.28,2313.66
Nyandarua,Potatoes,Short Rains,2017,2970.45,923.27
Nyandarua,Potatoes,Long Rains,2018,3526.43,4327.71
Nyandarua,Potatoes,Short Rains,2018,1601.94,569.0
Nyandarua,Potatoes,Long Rains,2019,887.46,3245.66
Nyandarua,Potatoes,Short Rains,2019,3046.25,2778.82
Nyandarua,Potatoes,Long Rains,2020,1658.2,2015.44
Nyandarua,Potatoes,Short Rains,2020,2999.56,2534.16
Nyandarua,Potatoes,Long Rains,2021,4454.81,768.55
Nyandarua,Potatoes,Short Rains,2021,3372.03,2081.16
Nyandarua,Potatoes,Long Rains,2022,2384.34,3616.23
Nyandarua,Potatoes,Short Rains,2022,3362.01,4957.15
Nyandarua,Potatoes,Long Rains,2023,1275.06,610.14
Nyandarua,Potatoes,Short Rains,2023,3480.05,2934.1
Nyandarua,Potatoes,Long Rains,2024,1814.39,489.15
Nyandarua,Potatoes,Short Rains,2024,1116.94,4481.54
Kirinyaga,Maize,Long Rains,2015,1509.91,1684.52
Kirinyaga,Maize,Short Rains,2015,1638.63,1839.48
Kirinyaga,Maize,Long Rains,2016,1056.87,2643.39
Kirinyaga,Maize,Short Rains,2016,1050.17,4021.75
Kirinyaga,Maize,Long Rains,2017,1664.73,2746.06
Kirinyaga,Maize,Short Rains,2017,4056.29,3289.3
Kirinyaga,Maize,Long Rains,2018,2771.94,1689.24
Kirinyaga,Maize,Short Rains,2018,2032.11,3380.49
Kirinyaga,Maize,Long Rains,2019,4478.32,3343.01
Kirinyaga,Maize,Short Rains,2019,2863.8,3680.19
Kirinyaga,Maize,Long Rains,2020,2521.26,394.7
Kirinyaga,Maize,Short Rains,2020,2880.5,4792.36
Kirinyaga,Maize,Long Rains,2021,1448.62,3481.02
Kirinyaga,Maize,Short Rains,2021,1543.45,2725.56
Kirinyaga,Maize,Long Rains,2022,1157.7,2306.82
Kirinyaga,Maize,Short Rains,2022,3597.8,1803.1
Kirinyaga,Maize,Long Rains,2023,3260.17,3997.7
Kirinyaga,Maize,Short Rains,2023,4230.56,1249.75
Kirinyaga,Maize,Long Rains,2024,2277.47,846.84
Kirinyaga,Maize,Short Rains,2024,4472.19,4642.3
Kirinyaga,Beans,Long Rains,2015,2797.84,4225.96
Kirinyaga,Beans,Short Rains,2015,2727.54,3155.57
Kirinyaga,Beans,Long Rains,2016,1129.76,3800.83
Kirinyaga,Beans,Short Rains,2016,1272.54,4147.73
Kirinyaga,Beans,Long Rains,2017,3693.5,3572.85
Kirinyaga,Beans,Short Rains,2017,933.79,1585.33
Kirinyaga,Beans,Long Rains,2018,1773.52,1864.67
Kirinyaga,Beans,Short Rains,2018,1124.28,4691.09
Kirinyaga,Beans,Long Rains,2019,2849.07,1597.07
Kirinyaga,Beans,Short Rains,2019,2268.83,2291.29
Kirinyaga,Beans,Long Rains,2020,3022.2,2626.83
Kirinyaga,Beans,Short Rains,2020,4201.75,2535.12
Kirinyaga,Beans,Long Rains,2021,4470.98,4271.98
Kirinyaga,Beans,Short Rains,2021,1571.49,4659.92
Kirinyaga,Beans,Long Rains,2022,1230.56,4105.5
Kirinyaga,Beans,Short Rains,2022,2208.31,4402.07
Kirinyaga,Beans,Long Rains,2023,4011.81,4049.03
Kirinyaga,Beans,Short Rains,2023,3723.11,1592.93
Kirinyaga,Beans,Long Rains,2024,1099.4,2074.6
Kirinyaga,Beans,Short Rains,2024,1442.04,3505.26
Kirinyaga,Wheat,Long Rains,2015,2080.57,4880.49
Kirinyaga,Wheat,Short Rains,2015,3171.6,4130.15
Kirinyaga,Wheat,Long Rains,2016,1290.34,4323.87
Kirinyaga,Wheat,Short Rains,2016,4214.2,2486.6
Kirinyaga,Wheat,Long Rains,2017,3043.14,3847.57
Kirinyaga,Wheat,Short Rains,2017,1446.9,2562.57
Kirinyaga,Wheat,Long Rains,2018,2275.05,817.23
Kirinyaga,Wheat,Short Rains,2018,2159.88,434.04
Kirinyaga,Wheat,Long Rains,2019,895.5,762.31
Kirinyaga,Wheat,Short Rains,2019,4363.53,2792.69
Kirinyaga,Wheat,Long Rains,2020,4373.54,2219.24
Kirinyaga,Wheat,Short Rains,2020,1953.72,2580.1
Kirinyaga,Wheat,Long Rains,2021,2426.19,617.76
Kirinyaga,Wheat,Short Rains,2021,3171.06,1158.59
Kirinyaga,Wheat,Long Rains,2022,3092.48,3285.99
Kirinyaga,Wheat,Short Rains,2022,1362.49,400.61
Kirinyaga,Wheat,Long Rains,2023,3688.82,2353.02
Kirinyaga,Wheat,Short Rains,2023,1015.21,4974.84
Kirinyaga,Wheat,Long Rains,2024,1013.79,3505.67
Kirinyaga,Wheat,Short Rains,2024,4439.61,1271.98
Kirinyaga,Sorghum,Long Rains,2015,1326.32,694.79
Kirinyaga,Sorghum,Short Rains,2015,1922.12,595.12
Kirinyaga,Sorghum,Long Rains,2016,3361.0,405.23
Kirinyaga,Sorghum,Short Rains,2016,2684.86,4983.81
Kirinyaga,Sorghum,Long Rains,2017,3811.69,3114.58
Kirinyaga,Sorghum,Short Rains,2017,1933.14,3157.09
Kirinyaga,Sorghum,Long Rains,2018,2750.05,2187.81
Kirinyaga,Sorghum,Short Rains,2018,1283.63,4444.36
Kirinyaga,Sorghum,Long Rains,2019,2464.2,1053.65
Kirinyaga,Sorghum,Short Rains,2019,2160.71,2129.24
Kirinyaga,Sorghum,Long Rains,2020,3861.89,3694.71
Kirinyaga,Sorghum,Short Rains,2020,3646.43,154.05
Kirinyaga,Sorghum,Long Rains,2021,2339.77,2458.59
Kirinyaga,Sorghum,Short Rains,2021,871.01,1373.08
Kirinyaga,Sorghum,Long Rains,2022,3613.07,771.84
Kirinyaga,Sorghum,Short Rains,2022,2780.65,1154.49
Kirinyaga,Sorghum,Long Rains,2023,844.85,1281.89
Kirinyaga,Sorghum,Short Rains,2023,4410.73,4027.53
Kirinyaga,Sorghum,Long Rains,2024,4350.43,2490.48
Kirinyaga,Sorghum,Short Rains,2024,1206.02,2785.0
Kirinyaga,Potatoes,Long Rains,2015,2481.2,4237.35
Kirinyaga,Potatoes,Short Rains,2015,1162.91,2492.38
Kirinyaga,Potatoes,Long Rains,2016,1355.18,1690.91
Kirinyaga,Potatoes,Short Rains,2016,3528.22,2432.49
Kirinyaga,Potatoes,Long Rains,2017,2190.79,2032.93
Kirinyaga,Potatoes,Short Rains,2017,2499.95,3946.58
Kirinyaga,Potatoes,Long Rains,2018,4100.71,4781.14
Kirinyaga,Potatoes,Short Rains,2018,3711.54,1645.49
Kirinyaga,Potatoes,Long Rains,2019,3346.1,2244.26
Kirinyaga,Potatoes,Short Rains,2019,1742.28,4220.27
Kirinyaga,Potatoes,Long Rains,2020,942.18,4518.63
Kirinyaga,Potatoes,Short Rains,2020,2507.47,3222.29
Kirinyaga,Potatoes,Long Rains,2021,3239.61,4486.08
Kirinyaga,Potatoes,Short Rains,2021,3155.68,3108.27
Kirinyaga,Potatoes,Long Rains,2022,1046.61,2640.2
Kirinyaga,Potatoes,Short Rains,2022,1355.63,3713.43
Kirinyaga,Potatoes,Long Rains,2023,2695.22,3433.12
Kirinyaga,Potatoes,Short Rains,2023,954.19,515.48
Kirinyaga,Potatoes,Long Rains,2024,3450.4,453.21
Kirinyaga,Potatoes,Short Rains,2024,1063.65,159.33
Murang'a,Maize,Long Rains,2015,4339.06,3713.79
Murang'a,Maize,Short Rains,2015,2107.03,1553.02
Murang'a,Maize,Long Rains,2016,2093.9,3895.8
Murang'a,Maize,Short Rains,2016,3247.07,1007.46
Murang'a,Maize,Long Rains,2017,1444.2,582.14
Murang'a,Maize,Short Rains,2017,3243.12,3845.43
Murang'a,Maize,Long Rains,2018,1780.67,202.63
Murang'a,Maize,Short Rains,2018,1104.04,4842.51
Murang'a,Maize,Long Rains,2019,1893.15,3869.19
Murang'a,Maize,Short Rains,2019,3111.26,1971.5
Murang'a,Maize,Long Rains,2020,1561.04,694.79
Murang'a,Maize,Short Rains,2020,3075.55,3895.71
Murang'a,Maize,Long Rains,2021,3182.45,2698.48
Murang'a,Maize,Short Rains,2021,955.22,4845.6
Murang'a,Maize,Long Rains,2022,3755.24,1534.83
Murang'a,Maize,Short Rains,2022,4425.89,3049.22
Murang'a,Maize,Long Rains,2023,2954.96,3765.56
Murang'a,Maize,Short Rains,2023,3803.55,3316.75
Murang'a,Maize,Long Rains,2024,1273.95,1757.51
Murang'a,Maize,Short Rains,2024,4233.91,1200.62
Murang'a,Beans,Long Rains,2015,2177.02,2217.18
Murang'a,Beans,Short Rains,2015,2425.8,3103.4
Murang'a,Beans,Long Rains,2016,4289.38,1279.39
Murang'a,Beans,Short Rains,2016,1249.56,1067.61
Murang'a,Beans,Long Rains,2017,4081.62,3264.47
Murang'a,Beans,Short Rains,2017,1857.86,4098.14
Murang'a,Beans,Long Rains,2018,3987.07,4247.92
Murang'a,Beans,Short Rains,2018,4200.03,1335.98
Murang'a,Beans,Long Rains,2019,3593.66,2356.64
Murang'a,Beans,Short Rains,2019,3915.39,3669.6
Murang'a,Beans,Long Rains,2020,3672.86,3315.19
Murang'a,Beans,Short Rains,2020,1456.49,2770.63
Murang'a,Beans,Long Rains,2021,4443.28,4693.2
Murang'a,Beans,Short Rains,2021,959.74,907.59
Murang'a,Beans,Long Rains,2022,1287.4,3657.3
Murang'a,Beans,Short Rains,2022,3825.81,1146.21
Murang'a,Beans,Long Rains,2023,2671.65,4219.44
Murang'a,Beans,Short Rains,2023,3511.37,2756.96
Murang'a,Beans,Long Rains,2024,2984.29,2590.97
Murang'a,Beans,Short Rains,2024,1900.93,2868.61
Murang'a,Wheat,Long Rains,2015,3348.88,4379.28
Murang'a,Wheat,Short Rains,2015,3154.28,3829.5
Murang'a,Wheat,Long Rains,2016,1392.27,2361.63
Murang'a,Wheat,Short Rains,2016,834.53,1308.73
Murang'a,Wheat,Long Rains,2017,3487.91,4959.87
Murang'a,Wheat,Short Rains,2017,1166.96,2067.32
Murang'a,Wheat,Long Rains,2018,3760.26,1099.77
Murang'a,Wheat,Short Rains,2018,2853.81,3692.05
Murang'a,Wheat,Long Rains,2019,3079.15,1021.32
Murang'a,Wheat,Short Rains,2019,2114.92,3940.58
Murang'a,Wheat,Long Rains,2020,2850.64,125.63
Murang'a,Wheat,Short Rains,2020,3615.67,273.03
Murang'a,Wheat,Long Rains,2021,3559.21,1092.15
Murang'a,Wheat,Short Rains,2021,4344.87,1902.91
Murang'a,Wheat,Long Rains,2022,2009.65,829.55
Murang'a,Wheat,Short Rains,2022,1930.74,4395.59
Murang'a,Wheat,Long Rains,2023,4486.44,1904.72
Murang'a,Wheat,Short Rains,2023,2459.86,3638.15
Murang'a,Wheat,Long Rains,2024,4078.92,3005.92
Murang'a,Wheat,Short Rains,2024,2248.65,2121.85
Murang'a,Sorghum,Long Rains,2015,3373.79,115.77
Murang'a,Sorghum,Short Rains,2015,3092.48,1841.92
Murang'a,Sorghum,Long Rains,2016,3738.53,555.65
Murang'a,Sorghum,Short Rains,2016,2976.35,2456.77
Murang'a,Sorghum,Long Rains,2017,3176.6,417.78
Murang'a,Sorghum,Short Rains,2017,2945.94,2851.27
Murang'a,Sorghum,Long Rains,2018,2874.44,3057.09
Murang'a,Sorghum,Short Rains,2018,3302.93,4044.45
Murang'a,Sorghum,Long Rains,2019,1798.34,4142.74
Murang'a,Sorghum,Short Rains,2019,2643.55,477.59
Murang'a,Sorghum,Long Rains,2020,1016.64,1737.77
Murang'a,Sorghum,Short Rains,2020,3704.12,3567.64
Murang'a,Sorghum,Long Rains,2021,3717.88,2634.62
Murang'a,Sorghum,Short Rains,2021,2428.74,822.52
Murang'a,Sorghum,Long Rains,2022,2014.31,2226.69
Murang'a,Sorghum,Short Rains,2022,1127.82,1181.0
Murang'a,Sorghum,Long Rains,2023,3013.43,3704.75
Murang'a,Sorghum,Short Rains,2023,4493.89,4672.26
Murang'a,Sorghum,Long Rains,2024,3177.49,2164.12
Murang'a,Sorghum,Short Rains,2024,3153.86,3949.69
Murang'a,Potatoes,Long Rains,2015,1237.84,2108.53
Murang'a,Potatoes,Short Rains,2015,3907.27,1980.78
Murang'a,Potatoes,Long Rains,2016,2915.93,2980.07
Murang'a,Potatoes,Short Rains,2016,1482.56,1874.95
Murang'a,Potatoes,Long Rains,2017,2037.69,228.36
Murang'a,Potatoes,Short Rains,2017,889.51,4175.32
Murang'a,Potatoes,Long Rains,2018,1810.36,2638.59
Murang'a,Potatoes,Short Rains,2018,1905.28,4709.33
Murang'a,Potatoes,Long Rains,2019,1759.4,2205.32
Murang'a,Potatoes,Short Rains,2019,4029.1,4225.47
Murang'a,Potatoes,Long Rains,2020,1488.58,4032.95
Murang'a,Potatoes,Short Rains,2020,2495.29,2466.55
Murang'a,Potatoes,Long Rains,2021,1293.88,494.95
Murang'a,Potatoes,Short Rains,2021,3493.38,2532.66
Murang'a,Potatoes,Long Rains,2022,2416.35,3674.59
Murang'a,Potatoes,Short Rains,2022,3632.4,878.65
Murang'a,Potatoes,Long Rains,2023,3057.83,763.24
Murang'a,Potatoes,Short Rains,2023,3580.09,3319.08
Murang'a,Potatoes,Long Rains,2024,4339.47,437.89
Murang'a,Potatoes,Short Rains,2024,1011.1,1482.72
